{
  "pack_id": "kidneys.g1",
  "topic": "kidneys",
  "grade": 1,
  "version": 1,
  "locale": "en-US",
  "tags": ["science", "body", "grade1"],
  "learning_goals": [
    "Know that kidneys clean the blood",
    "Know kidneys help make urine",
    "Know humans have two kidneys",
    "Know kidneys are in the lower back"
  ],
  "canonical_facts": [
    { "id": "kidneys_clean_blood", "text": "Kidneys clean the blood." },
    { "id": "kidneys_remove_waste", "text": "Kidneys remove waste from the blood." },
    { "id": "kidneys_make_urine", "text": "Kidneys help make urine (pee)." },
    { "id": "two_kidneys", "text": "People usually have two kidneys." },
    { "id": "kidneys_location", "text": "Kidneys are in the lower back." }
  ],
  "allowed_vocab": {
    "content": [
      "kidneys", "blood", "clean", "waste", "body", "lower", "back",
      "pee", "urine", "drink", "water", "healthy", "help", "two",
      "side", "inside", "your", "you", "have", "are", "they", "make",
      "remember", "stay"
    ],
    "function": [
      "a", "an", "the", "in", "on", "of", "and", "to", "for",
      "is", "it", "that", "so", "very", "can"
    ]
  },
  "banned_terms": [
    "filtration", "renal", "nephron", "disease", "failure", "toxic",
    "dialysis", "transplant", "surgery", "hospital"
  ],
  "reading_level_max": 2.0,
  "sections": [
    "definition",
    "location",
    "function",
    "care_tip",
    "recap"
  ],
  "section_goal_map": {
    "definition": ["kidneys_clean_blood"],
    "location": ["kidneys_location", "two_kidneys"],
    "function": ["kidneys_clean_blood", "kidneys_remove_waste", "kidneys_make_urine"],
    "care_tip": ["kidneys_clean_blood"],
    "recap": ["kidneys_clean_blood", "kidneys_make_urine"]
  },
  "section_templates": {
    "definition": [
      "Your kidneys are small helpers inside your body.",
      "They help keep your body clean and healthy."
    ],
    "location": [
      "You have two kidneys in your lower back.",
      "They sit on each side of your spine."
    ],
    "function": [
      "Your kidneys clean your blood.",
      "They take away waste your body does not need.",
      "They help make pee, also called urine."
    ],
    "care_tip": [
      "Drinking water helps your kidneys stay healthy.",
      "When you drink water, your kidneys can clean your blood and make pee." 
    ],
    "recap": [
      "So remember, your kidneys clean your blood and help your body stay healthy!"
    ]
  },
  "item_blueprint": {
    "groups": ["Basics", "How They Work"],
    "items_per_group": 6,
    "levels": 2
  },
  "cloze_templates": [
    {
      "id": "ct_clean_blood",
      "template": "Your kidneys help [blank] your blood.",
      "answer": "clean",
      "distractor_set": "verbs"
    },
    {
      "id": "ct_two_kidneys",
      "template": "You have [blank] kidneys.",
      "answer": "two",
      "distractor_set": "number"
    },
    {
      "id": "ct_make_pee",
      "template": "They help make [blank].",
      "answer": "pee",
      "distractor_set": "nouns"
    },
    {
      "id": "ct_location",
      "template": "Your kidneys are in your [blank] back.",
      "answer": "lower",
      "distractor_set": "adjectives"
    }
  ],
  "distractors": {
    "number": ["three", "four", "five"],
    "verbs": ["paint", "jump", "sing"],
    "nouns": ["milk", "shoes", "clouds"],
    "adjectives": ["upper", "middle", "soft"]
  }
}
