{
  "id": "history",
  "title": "US History",
  "subject": "history-us",
  "gradeBand": "Grades 4-6",
  "contentVersion": "1",
  "description": "Explore key events and figures in American history",
  "duration": "25 min",
  "difficulty": "Intermediate",
  "groups": [
    { "id": 0, "name": "Colonial America" },
    { "id": 1, "name": "Revolutionary War" },
    { "id": 2, "name": "Founding Documents" },
    { "id": 3, "name": "Early Presidents" },
    { "id": 4, "name": "Westward Expansion" },
    { "id": 5, "name": "Civil War Era" },
    { "id": 6, "name": "Reconstruction" },
    { "id": 7, "name": "Industrial Age" },
    { "id": 8, "name": "World Wars" },
    { "id": 9, "name": "Civil Rights Movement" }
  ],
  "levels": [
    { "id": 1, "title": "Level 1: Colonial & Revolutionary Era", "start": 0, "end": 3 },
    { "id": 2, "title": "Level 2: Expansion & Division", "start": 4, "end": 6 },
    { "id": 3, "title": "Level 3: Modern America", "start": 7, "end": 9 },
    { "id": 4, "title": "Level 4: Complete Review", "start": 0, "end": 9 }
  ],
  "items": [
    { "id": 0, "text": "In 1607, [blank] became the first permanent English settlement in America.", "groupId": 0, "mode": "options", "options": ["Jamestown", "Plymouth", "Boston"], "correctIndex": 0, "explain": "Jamestown, Virginia was established by the Virginia Company in 1607.", "clusterId": "jamestown", "variant": "1" },
    { "id": 1, "text": "The [blank] arrived at Plymouth Rock in 1620.", "groupId": 0, "mode": "options", "options": ["Pilgrims", "Puritans", "Spanish"], "correctIndex": 0, "explain": "The Pilgrims sailed on the Mayflower and established Plymouth Colony.", "clusterId": "pilgrims", "variant": "1" },
    { "id": 2, "text": "The [blank] colonies were established by people seeking religious freedom.", "groupId": 0, "mode": "options", "options": ["thirteen", "seven", "fifty"], "correctIndex": 0, "explain": "There were 13 British colonies along the Atlantic coast before independence.", "clusterId": "colonies", "variant": "1" },
    { "id": 3, "text": "The Revolutionary War started in [blank].", "groupId": 1, "mode": "options", "options": ["1775", "1776", "1783"], "correctIndex": 0, "explain": "The war began with battles at Lexington and Concord in April 1775.", "clusterId": "war-start", "variant": "1" },
    { "id": 4, "text": "[blank] was the commander of the Continental Army.", "groupId": 1, "mode": "options", "options": ["George Washington", "Thomas Jefferson", "Benjamin Franklin"], "correctIndex": 0, "explain": "Washington led the colonial forces to victory against Britain.", "clusterId": "washington", "variant": "1" },
    { "id": 5, "text": "The Battle of [blank] was a major turning point in the war.", "groupId": 1, "mode": "options", "options": ["Saratoga", "Lexington", "Yorktown"], "correctIndex": 0, "explain": "The victory at Saratoga in 1777 convinced France to support the colonies.", "clusterId": "saratoga", "variant": "1" },
    { "id": 6, "text": "The Declaration of Independence was signed on July 4, [blank].", "groupId": 2, "mode": "options", "options": ["1776", "1775", "1783"], "correctIndex": 0, "explain": "July 4, 1776 is celebrated as Independence Day in the United States.", "clusterId": "declaration", "variant": "1" },
    { "id": 7, "text": "[blank] wrote most of the Declaration of Independence.", "groupId": 2, "mode": "options", "options": ["Thomas Jefferson", "George Washington", "Benjamin Franklin"], "correctIndex": 0, "explain": "Thomas Jefferson drafted the document declaring independence from Britain.", "clusterId": "jefferson-dec", "variant": "1" },
    { "id": 8, "text": "The [blank] is the supreme law of the United States.", "groupId": 2, "mode": "options", "options": ["Constitution", "Declaration", "Bill"], "correctIndex": 0, "explain": "The Constitution was written in 1787 and established our government.", "clusterId": "constitution", "variant": "1" },
    { "id": 9, "text": "[blank] was the first President of the United States.", "groupId": 3, "mode": "options", "options": ["George Washington", "John Adams", "Thomas Jefferson"], "correctIndex": 0, "explain": "Washington served from 1789 to 1797 and set many presidential traditions.", "clusterId": "first-pres", "variant": "1" },
    { "id": 10, "text": "[blank] was the third President and doubled the size of the US.", "groupId": 3, "mode": "options", "options": ["Thomas Jefferson", "James Madison", "John Adams"], "correctIndex": 0, "explain": "Jefferson purchased the Louisiana Territory from France in 1803.", "clusterId": "jefferson-pres", "variant": "1" },
    { "id": 11, "text": "[blank] wrote the Federalist Papers supporting the Constitution.", "groupId": 3, "mode": "options", "options": ["Alexander Hamilton", "Patrick Henry", "Samuel Adams"], "correctIndex": 0, "explain": "Hamilton, Madison, and Jay wrote essays explaining the Constitution.", "clusterId": "hamilton", "variant": "1" },
    { "id": 12, "text": "The [blank] Purchase doubled the size of the United States.", "groupId": 4, "mode": "options", "options": ["Louisiana", "Alaska", "Texas"], "correctIndex": 0, "explain": "In 1803, the US bought the Louisiana Territory from France.", "clusterId": "louisiana", "variant": "1" },
    { "id": 13, "text": "[blank] and Clark explored the western territories.", "groupId": 4, "mode": "options", "options": ["Lewis", "Pike", "Fremont"], "correctIndex": 0, "explain": "Lewis and Clark's expedition (1804-1806) mapped the Louisiana Purchase.", "clusterId": "lewis-clark", "variant": "1" },
    { "id": 14, "text": "The [blank] Trail was a major route for settlers moving west.", "groupId": 4, "mode": "options", "options": ["Oregon", "Santa Fe", "Silk"], "correctIndex": 0, "explain": "Over 400,000 pioneers traveled the Oregon Trail in the 1840s-1860s.", "clusterId": "oregon-trail", "variant": "1" },
    { "id": 15, "text": "The Civil War lasted from 1861 to [blank].", "groupId": 5, "mode": "options", "options": ["1865", "1870", "1863"], "correctIndex": 0, "explain": "The war ended when Confederate General Lee surrendered in April 1865.", "clusterId": "civil-war", "variant": "1" },
    { "id": 16, "text": "[blank] was President during the Civil War.", "groupId": 5, "mode": "options", "options": ["Abraham Lincoln", "Ulysses Grant", "Andrew Johnson"], "correctIndex": 0, "explain": "Lincoln led the Union and worked to end slavery during the war.", "clusterId": "lincoln", "variant": "1" },
    { "id": 17, "text": "The [blank] Proclamation freed enslaved people in Confederate states.", "groupId": 5, "mode": "options", "options": ["Emancipation", "Independence", "Freedom"], "correctIndex": 0, "explain": "Lincoln issued this proclamation on January 1, 1863.", "clusterId": "emancipation", "variant": "1" },
    { "id": 18, "text": "The [blank] Amendment abolished slavery in the United States.", "groupId": 6, "mode": "options", "options": ["13th", "14th", "15th"], "correctIndex": 0, "explain": "The 13th Amendment was ratified in December 1865.", "clusterId": "13th", "variant": "1" },
    { "id": 19, "text": "The [blank] Amendment granted citizenship to former slaves.", "groupId": 6, "mode": "options", "options": ["14th", "13th", "15th"], "correctIndex": 0, "explain": "The 14th Amendment (1868) defined citizenship and equal protection.", "clusterId": "14th", "variant": "1" },
    { "id": 20, "text": "The [blank] Amendment gave voting rights to African American men.", "groupId": 6, "mode": "options", "options": ["15th", "13th", "19th"], "correctIndex": 0, "explain": "The 15th Amendment (1870) prohibited denying votes based on race.", "clusterId": "15th", "variant": "1" },
    { "id": 21, "text": "[blank] invented the light bulb and phonograph.", "groupId": 7, "mode": "options", "options": ["Thomas Edison", "Alexander Bell", "Henry Ford"], "correctIndex": 0, "explain": "Edison was a prolific inventor during the Industrial Revolution.", "clusterId": "edison", "variant": "1" },
    { "id": 22, "text": "[blank] developed the assembly line for mass production.", "groupId": 7, "mode": "options", "options": ["Henry Ford", "Thomas Edison", "Andrew Carnegie"], "correctIndex": 0, "explain": "Ford's assembly line revolutionized manufacturing, especially for cars.", "clusterId": "ford", "variant": "1" },
    { "id": 23, "text": "The [blank] connected the east and west coasts by rail in 1869.", "groupId": 7, "mode": "options", "options": ["Transcontinental Railroad", "Erie Canal", "Interstate Highway"], "correctIndex": 0, "explain": "The railroad linked California to the eastern United States.", "clusterId": "railroad", "variant": "1" },
    { "id": 24, "text": "The US entered World War I in [blank].", "groupId": 8, "mode": "options", "options": ["1917", "1914", "1918"], "correctIndex": 0, "explain": "The US joined WWI in April 1917 on the side of the Allies.", "clusterId": "wwi", "variant": "1" },
    { "id": 25, "text": "The US entered World War II after the attack on [blank].", "groupId": 8, "mode": "options", "options": ["Pearl Harbor", "D-Day", "Midway"], "correctIndex": 0, "explain": "Japan attacked Pearl Harbor, Hawaii on December 7, 1941.", "clusterId": "pearl-harbor", "variant": "1" },
    { "id": 26, "text": "[blank] was President during most of World War II.", "groupId": 8, "mode": "options", "options": ["Franklin D. Roosevelt", "Harry Truman", "Dwight Eisenhower"], "correctIndex": 0, "explain": "FDR led the US from 1933 until his death in April 1945.", "clusterId": "fdr", "variant": "1" },
    { "id": 27, "text": "[blank] led the Montgomery Bus Boycott in 1955.", "groupId": 9, "mode": "options", "options": ["Martin Luther King Jr.", "Rosa Parks", "Malcolm X"], "correctIndex": 0, "explain": "MLK Jr. emerged as a leader during this 381-day protest.", "clusterId": "mlk", "variant": "1" },
    { "id": 28, "text": "[blank] refused to give up her bus seat, sparking the boycott.", "groupId": 9, "mode": "options", "options": ["Rosa Parks", "Harriet Tubman", "Ruby Bridges"], "correctIndex": 0, "explain": "Rosa Parks' act of civil disobedience in 1955 became a pivotal moment.", "clusterId": "parks", "variant": "1" },
    { "id": 29, "text": "The [blank] Act of 1964 outlawed discrimination based on race.", "groupId": 9, "mode": "options", "options": ["Civil Rights", "Voting Rights", "Equal Rights"], "correctIndex": 0, "explain": "This landmark law prohibited discrimination in public places and employment.", "clusterId": "civil-rights-act", "variant": "1" }
  ]
}
