{
  "id": "multiplication",
  "title": "Multiplication Facts",
  "subject": "math-multiplication",
  "gradeBand": "Grades 2-5",
  "contentVersion": "1",
  "description": "Master multiplication facts 2-12 with adaptive practice",
  "duration": "20 min",
  "difficulty": "Elementary",
  "groups": [
    { "id": 0, "name": "2× tables" },
    { "id": 1, "name": "3× tables" },
    { "id": 2, "name": "4× tables" },
    { "id": 3, "name": "5× tables" },
    { "id": 4, "name": "6× tables" },
    { "id": 5, "name": "7× tables" },
    { "id": 6, "name": "8× tables" },
    { "id": 7, "name": "9× tables" },
    { "id": 8, "name": "10× tables" },
    { "id": 9, "name": "11× tables" },
    { "id": 10, "name": "12× tables" },
    { "id": 11, "name": "Mixed review" }
  ],
  "levels": [
    { "id": 1, "title": "Level 1: Easy tables (2×, 5×, 10×)", "start": 0, "end": 2 },
    { "id": 2, "title": "Level 2: Medium tables (3×, 4×, 6×)", "start": 1, "end": 4 },
    { "id": 3, "title": "Level 3: Hard tables (7×, 8×, 9×)", "start": 5, "end": 7 },
    { "id": 4, "title": "Level 4: Advanced (11×, 12×)", "start": 9, "end": 10 },
    { "id": 5, "title": "Level 5: Mixed review (all)", "start": 0, "end": 11 }
  ],
  "items": [
    { "id": 0, "text": "2 × 3 = _", "groupId": 0, "mode": "numeric", "answer": 6, "explain": "2 times 3 means 2 groups of 3, which equals 6", "clusterId": "2x3", "variant": "1" },
    { "id": 1, "text": "2 × 5 = _", "groupId": 0, "mode": "numeric", "answer": 10, "explain": "2 times 5 means 2 groups of 5, which equals 10", "clusterId": "2x5", "variant": "1" },
    { "id": 2, "text": "2 × 7 = _", "groupId": 0, "mode": "numeric", "answer": 14, "explain": "2 times 7 means 2 groups of 7, which equals 14", "clusterId": "2x7", "variant": "1" },
    { "id": 3, "text": "3 × 2 = _", "groupId": 1, "mode": "numeric", "answer": 6, "explain": "3 times 2 means 3 groups of 2, which equals 6", "clusterId": "3x2", "variant": "1" },
    { "id": 4, "text": "3 × 4 = _", "groupId": 1, "mode": "numeric", "answer": 12, "explain": "3 times 4 means 3 groups of 4, which equals 12", "clusterId": "3x4", "variant": "1" },
    { "id": 5, "text": "3 × 6 = _", "groupId": 1, "mode": "numeric", "answer": 18, "explain": "3 times 6 means 3 groups of 6, which equals 18", "clusterId": "3x6", "variant": "1" },
    { "id": 6, "text": "4 × 2 = _", "groupId": 2, "mode": "numeric", "answer": 8, "explain": "4 times 2 means 4 groups of 2, which equals 8", "clusterId": "4x2", "variant": "1" },
    { "id": 7, "text": "4 × 5 = _", "groupId": 2, "mode": "numeric", "answer": 20, "explain": "4 times 5 means 4 groups of 5, which equals 20", "clusterId": "4x5", "variant": "1" },
    { "id": 8, "text": "4 × 7 = _", "groupId": 2, "mode": "numeric", "answer": 28, "explain": "4 times 7 means 4 groups of 7, which equals 28", "clusterId": "4x7", "variant": "1" },
    { "id": 9, "text": "5 × 3 = _", "groupId": 3, "mode": "numeric", "answer": 15, "explain": "5 times 3 means 5 groups of 3, which equals 15", "clusterId": "5x3", "variant": "1" },
    { "id": 10, "text": "5 × 6 = _", "groupId": 3, "mode": "numeric", "answer": 30, "explain": "5 times 6 means 5 groups of 6, which equals 30", "clusterId": "5x6", "variant": "1" },
    { "id": 11, "text": "5 × 8 = _", "groupId": 3, "mode": "numeric", "answer": 40, "explain": "5 times 8 means 5 groups of 8, which equals 40", "clusterId": "5x8", "variant": "1" },
    { "id": 12, "text": "6 × 2 = _", "groupId": 4, "mode": "numeric", "answer": 12, "explain": "6 times 2 means 6 groups of 2, which equals 12", "clusterId": "6x2", "variant": "1" },
    { "id": 13, "text": "6 × 4 = _", "groupId": 4, "mode": "numeric", "answer": 24, "explain": "6 times 4 means 6 groups of 4, which equals 24", "clusterId": "6x4", "variant": "1" },
    { "id": 14, "text": "6 × 7 = _", "groupId": 4, "mode": "numeric", "answer": 42, "explain": "6 times 7 means 6 groups of 7, which equals 42", "clusterId": "6x7", "variant": "1" },
    { "id": 15, "text": "7 × 3 = _", "groupId": 5, "mode": "numeric", "answer": 21, "explain": "7 times 3 means 7 groups of 3, which equals 21", "clusterId": "7x3", "variant": "1" },
    { "id": 16, "text": "7 × 5 = _", "groupId": 5, "mode": "numeric", "answer": 35, "explain": "7 times 5 means 7 groups of 5, which equals 35", "clusterId": "7x5", "variant": "1" },
    { "id": 17, "text": "7 × 8 = _", "groupId": 5, "mode": "numeric", "answer": 56, "explain": "7 times 8 means 7 groups of 8, which equals 56", "clusterId": "7x8", "variant": "1" },
    { "id": 18, "text": "8 × 2 = _", "groupId": 6, "mode": "numeric", "answer": 16, "explain": "8 times 2 means 8 groups of 2, which equals 16", "clusterId": "8x2", "variant": "1" },
    { "id": 19, "text": "8 × 4 = _", "groupId": 6, "mode": "numeric", "answer": 32, "explain": "8 times 4 means 8 groups of 4, which equals 32", "clusterId": "8x4", "variant": "1" },
    { "id": 20, "text": "8 × 6 = _", "groupId": 6, "mode": "numeric", "answer": 48, "explain": "8 times 6 means 8 groups of 6, which equals 48", "clusterId": "8x6", "variant": "1" },
    { "id": 21, "text": "9 × 3 = _", "groupId": 7, "mode": "numeric", "answer": 27, "explain": "9 times 3 means 9 groups of 3, which equals 27", "clusterId": "9x3", "variant": "1" },
    { "id": 22, "text": "9 × 5 = _", "groupId": 7, "mode": "numeric", "answer": 45, "explain": "9 times 5 means 9 groups of 5, which equals 45", "clusterId": "9x5", "variant": "1" },
    { "id": 23, "text": "9 × 7 = _", "groupId": 7, "mode": "numeric", "answer": 63, "explain": "9 times 7 means 9 groups of 7, which equals 63", "clusterId": "9x7", "variant": "1" },
    { "id": 24, "text": "10 × 2 = _", "groupId": 8, "mode": "numeric", "answer": 20, "explain": "10 times 2 means 10 groups of 2, which equals 20", "clusterId": "10x2", "variant": "1" },
    { "id": 25, "text": "10 × 5 = _", "groupId": 8, "mode": "numeric", "answer": 50, "explain": "10 times 5 means 10 groups of 5, which equals 50", "clusterId": "10x5", "variant": "1" },
    { "id": 26, "text": "10 × 9 = _", "groupId": 8, "mode": "numeric", "answer": 90, "explain": "10 times 9 means 10 groups of 9, which equals 90", "clusterId": "10x9", "variant": "1" },
    { "id": 27, "text": "11 × 2 = _", "groupId": 9, "mode": "numeric", "answer": 22, "explain": "11 times 2 means 11 groups of 2, which equals 22", "clusterId": "11x2", "variant": "1" },
    { "id": 28, "text": "11 × 5 = _", "groupId": 9, "mode": "numeric", "answer": 55, "explain": "11 times 5 means 11 groups of 5, which equals 55", "clusterId": "11x5", "variant": "1" },
    { "id": 29, "text": "11 × 8 = _", "groupId": 9, "mode": "numeric", "answer": 88, "explain": "11 times 8 means 11 groups of 8, which equals 88", "clusterId": "11x8", "variant": "1" },
    { "id": 30, "text": "12 × 2 = _", "groupId": 10, "mode": "numeric", "answer": 24, "explain": "12 times 2 means 12 groups of 2, which equals 24", "clusterId": "12x2", "variant": "1" },
    { "id": 31, "text": "12 × 5 = _", "groupId": 10, "mode": "numeric", "answer": 60, "explain": "12 times 5 means 12 groups of 5, which equals 60", "clusterId": "12x5", "variant": "1" },
    { "id": 32, "text": "12 × 7 = _", "groupId": 10, "mode": "numeric", "answer": 84, "explain": "12 times 7 means 12 groups of 7, which equals 84", "clusterId": "12x7", "variant": "1" },
    { "id": 33, "text": "3 × 3 = _", "groupId": 11, "mode": "numeric", "answer": 9, "explain": "3 times 3 means 3 groups of 3, which equals 9", "clusterId": "mix-3x3", "variant": "1" },
    { "id": 34, "text": "6 × 6 = _", "groupId": 11, "mode": "numeric", "answer": 36, "explain": "6 times 6 means 6 groups of 6, which equals 36", "clusterId": "mix-6x6", "variant": "1" },
    { "id": 35, "text": "9 × 9 = _", "groupId": 11, "mode": "numeric", "answer": 81, "explain": "9 times 9 means 9 groups of 9, which equals 81", "clusterId": "mix-9x9", "variant": "1" }
  ]
}
