{
  "id": "science",
  "title": "Elementary Science",
  "subject": "science-elementary",
  "gradeBand": "Grades 3-5",
  "contentVersion": "1",
  "description": "Explore fundamental science concepts across biology, physics, and chemistry",
  "duration": "25 min",
  "difficulty": "Elementary",
  "groups": [
    { "id": 0, "name": "Living vs Non-living" },
    { "id": 1, "name": "Food Chains" },
    { "id": 2, "name": "Plant Parts" },
    { "id": 3, "name": "Animal Habitats" },
    { "id": 4, "name": "States of Matter" },
    { "id": 5, "name": "Physical Changes" },
    { "id": 6, "name": "Simple Machines" },
    { "id": 7, "name": "Energy Types" },
    { "id": 8, "name": "Water Cycle" },
    { "id": 9, "name": "Weather vs Climate" }
  ],
  "levels": [
    { "id": 1, "title": "Level 1: Life Science Basics", "start": 0, "end": 3 },
    { "id": 2, "title": "Level 2: Physical Science", "start": 4, "end": 7 },
    { "id": 3, "title": "Level 3: Earth Science", "start": 8, "end": 9 },
    { "id": 4, "title": "Level 4: Mixed Review", "start": 0, "end": 9 }
  ],
  "items": [
    { "id": 0, "text": "A rock is [blank] because it doesn't grow or need food.", "groupId": 0, "mode": "options", "options": ["non-living", "living", "dead"], "correctIndex": 0, "explain": "Non-living things don't grow, eat, breathe, or reproduce. A rock is non-living.", "clusterId": "non-living-def", "variant": "1" },
    { "id": 1, "text": "A tree is [blank] because it grows and makes seeds.", "groupId": 0, "mode": "options", "options": ["living", "non-living", "dead"], "correctIndex": 0, "explain": "Living things grow, reproduce, and respond to their environment. Trees are living.", "clusterId": "living-def", "variant": "1" },
    { "id": 2, "text": "Which is non-living? A [blank]", "groupId": 0, "mode": "options", "options": ["car", "flower", "bird"], "correctIndex": 0, "explain": "A car doesn't grow or reproduce. Cars are non-living objects made by people.", "clusterId": "non-living-ex", "variant": "1" },
    { "id": 3, "text": "In a food chain, [blank] make their own food using sunlight.", "groupId": 1, "mode": "options", "options": ["plants", "animals", "rocks"], "correctIndex": 0, "explain": "Plants are producers. They use sunlight to make food through photosynthesis.", "clusterId": "producer", "variant": "1" },
    { "id": 4, "text": "Animals that eat only plants are called [blank].", "groupId": 1, "mode": "options", "options": ["herbivores", "carnivores", "omnivores"], "correctIndex": 0, "explain": "Herbivores eat only plants. Examples: deer, rabbits, cows.", "clusterId": "herbivore", "variant": "1" },
    { "id": 5, "text": "Animals that eat other animals are called [blank].", "groupId": 1, "mode": "options", "options": ["carnivores", "herbivores", "producers"], "correctIndex": 0, "explain": "Carnivores eat meat. Examples: lions, wolves, hawks.", "clusterId": "carnivore", "variant": "1" },
    { "id": 6, "text": "The [blank] of a plant absorbs water and nutrients from soil.", "groupId": 2, "mode": "options", "options": ["roots", "leaves", "flowers"], "correctIndex": 0, "explain": "Roots anchor the plant and absorb water and minerals from the ground.", "clusterId": "root-function", "variant": "1" },
    { "id": 7, "text": "The [blank] of a plant make food using sunlight.", "groupId": 2, "mode": "options", "options": ["leaves", "roots", "stems"], "correctIndex": 0, "explain": "Leaves contain chlorophyll and perform photosynthesis to make food.", "clusterId": "leaf-function", "variant": "1" },
    { "id": 8, "text": "The [blank] carries water from roots to leaves.", "groupId": 2, "mode": "options", "options": ["stem", "flower", "seed"], "correctIndex": 0, "explain": "The stem transports water and nutrients throughout the plant.", "clusterId": "stem-function", "variant": "1" },
    { "id": 9, "text": "A fish lives in a [blank] habitat.", "groupId": 3, "mode": "options", "options": ["water", "desert", "forest"], "correctIndex": 0, "explain": "Fish are adapted to live in water (ocean, rivers, lakes).", "clusterId": "aquatic", "variant": "1" },
    { "id": 10, "text": "A camel is adapted to live in a [blank] habitat.", "groupId": 3, "mode": "options", "options": ["desert", "ocean", "arctic"], "correctIndex": 0, "explain": "Camels store water and survive in hot, dry desert environments.", "clusterId": "desert", "variant": "1" },
    { "id": 11, "text": "A polar bear lives in a [blank] habitat.", "groupId": 3, "mode": "options", "options": ["arctic", "rainforest", "desert"], "correctIndex": 0, "explain": "Polar bears have thick fur and are adapted to cold arctic environments.", "clusterId": "arctic", "variant": "1" },
    { "id": 12, "text": "Water is [blank] when it's ice.", "groupId": 4, "mode": "options", "options": ["solid", "liquid", "gas"], "correctIndex": 0, "explain": "A solid has a fixed shape. Ice is water in solid form.", "clusterId": "solid-state", "variant": "1" },
    { "id": 13, "text": "Water in a cup is a [blank].", "groupId": 4, "mode": "options", "options": ["liquid", "solid", "gas"], "correctIndex": 0, "explain": "A liquid takes the shape of its container but has a fixed volume.", "clusterId": "liquid-state", "variant": "1" },
    { "id": 14, "text": "Steam is water in [blank] form.", "groupId": 4, "mode": "options", "options": ["gas", "solid", "liquid"], "correctIndex": 0, "explain": "A gas has no fixed shape or volume. Steam is water vapor (gas).", "clusterId": "gas-state", "variant": "1" },
    { "id": 15, "text": "Cutting paper is a [blank] change.", "groupId": 5, "mode": "options", "options": ["physical", "chemical", "living"], "correctIndex": 0, "explain": "A physical change changes appearance but not what something is made of.", "clusterId": "physical-def", "variant": "1" },
    { "id": 16, "text": "Melting ice is a [blank] change.", "groupId": 5, "mode": "options", "options": ["physical", "chemical", "permanent"], "correctIndex": 0, "explain": "Melting changes the state but ice is still water molecules. It's physical.", "clusterId": "physical-ex", "variant": "1" },
    { "id": 17, "text": "Burning wood is a [blank] change.", "groupId": 5, "mode": "options", "options": ["chemical", "physical", "reversible"], "correctIndex": 0, "explain": "A chemical change creates new substances. Burning wood makes ash and smoke.", "clusterId": "chemical-ex", "variant": "1" },
    { "id": 18, "text": "A [blank] is a simple machine that helps you lift heavy objects.", "groupId": 6, "mode": "options", "options": ["lever", "wheel", "screw"], "correctIndex": 0, "explain": "A lever uses a fulcrum to multiply force, making lifting easier.", "clusterId": "lever", "variant": "1" },
    { "id": 19, "text": "A [blank] reduces friction and helps things roll.", "groupId": 6, "mode": "options", "options": ["wheel", "lever", "wedge"], "correctIndex": 0, "explain": "Wheels and axles reduce friction, making it easier to move objects.", "clusterId": "wheel", "variant": "1" },
    { "id": 20, "text": "A [blank] is a simple machine used to split or cut things.", "groupId": 6, "mode": "options", "options": ["wedge", "pulley", "screw"], "correctIndex": 0, "explain": "A wedge converts force to push things apart. Examples: axe, knife.", "clusterId": "wedge", "variant": "1" },
    { "id": 21, "text": "Light is a form of [blank] energy.", "groupId": 7, "mode": "options", "options": ["radiant", "sound", "motion"], "correctIndex": 0, "explain": "Radiant energy includes light and heat from the sun or other sources.", "clusterId": "radiant", "variant": "1" },
    { "id": 22, "text": "A moving ball has [blank] energy.", "groupId": 7, "mode": "options", "options": ["kinetic", "potential", "sound"], "correctIndex": 0, "explain": "Kinetic energy is the energy of motion. Moving objects have kinetic energy.", "clusterId": "kinetic", "variant": "1" },
    { "id": 23, "text": "A stretched rubber band has [blank] energy.", "groupId": 7, "mode": "options", "options": ["potential", "kinetic", "light"], "correctIndex": 0, "explain": "Potential energy is stored energy. A stretched band can do work when released.", "clusterId": "potential", "variant": "1" },
    { "id": 24, "text": "In the water cycle, [blank] is when water changes to vapor.", "groupId": 8, "mode": "options", "options": ["evaporation", "condensation", "precipitation"], "correctIndex": 0, "explain": "Evaporation is when liquid water heats up and becomes water vapor (gas).", "clusterId": "evaporation", "variant": "1" },
    { "id": 25, "text": "In the water cycle, [blank] is when water vapor cools to liquid.", "groupId": 8, "mode": "options", "options": ["condensation", "evaporation", "collection"], "correctIndex": 0, "explain": "Condensation forms clouds when water vapor cools and becomes liquid drops.", "clusterId": "condensation", "variant": "1" },
    { "id": 26, "text": "[blank] is when water falls from clouds as rain, snow, or hail.", "groupId": 8, "mode": "options", "options": ["Precipitation", "Evaporation", "Condensation"], "correctIndex": 0, "explain": "Precipitation is any form of water falling from the sky to the ground.", "clusterId": "precipitation", "variant": "1" },
    { "id": 27, "text": "[blank] is the day-to-day conditions of the atmosphere.", "groupId": 9, "mode": "options", "options": ["Weather", "Climate", "Season"], "correctIndex": 0, "explain": "Weather changes daily (sunny, rainy, cloudy, etc.).", "clusterId": "weather", "variant": "1" },
    { "id": 28, "text": "[blank] is the average weather over many years.", "groupId": 9, "mode": "options", "options": ["Climate", "Weather", "Temperature"], "correctIndex": 0, "explain": "Climate describes long-term patterns (e.g., Florida has a warm, humid climate).", "clusterId": "climate", "variant": "1" },
    { "id": 29, "text": "A desert has a [blank] climate.", "groupId": 9, "mode": "options", "options": ["hot and dry", "cold and wet", "humid"], "correctIndex": 0, "explain": "Deserts have very little rain and high temperatures most of the year.", "clusterId": "climate-ex", "variant": "1" }
  ]
}
