{
  "id": "bees",
  "title": "bees Course",
  "description": "Educational course on bees",
  "subject": "bees",
  "gradeBand": "3-5",
  "contentVersion": "skeleton-2025-11-15T07:29:02.385Z",
  "groups": [
    {
      "id": 0,
      "name": "bees - Part 1"
    },
    {
      "id": 1,
      "name": "bees - Part 2"
    }
  ],
  "levels": [
    {
      "id": 1,
      "title": "Level 1",
      "start": 0,
      "end": 7
    },
    {
      "id": 2,
      "title": "Level 2",
      "start": 8,
      "end": 15
    },
    {
      "id": 3,
      "title": "Level 3",
      "start": 16,
      "end": 23
    }
  ],
  "studyTexts": [
    {
      "id": "study-intro",
      "title": "bees Introduction",
      "order": 1,
      "content": "[SECTION:Welcome to the World of Bees]\n\nBees are some of the most amazing insects on our planet! These small but mighty creatures play a huge role in our world. Without bees, we wouldn't have many of the fruits, vegetables, and flowers we enjoy every day. Bees are pollinators, which means they help plants make seeds and grow new plants by carrying pollen from flower to flower.\n\n[IMAGE:Close-up of a honeybee on a colorful flower]\n\nThere are over 20,000 different species of bees in the world! The most well-known type is the honeybee, which lives in large groups called colonies. A single honeybee colony can have between 20,000 and 80,000 bees working together. Bees are social insects, meaning they work as a team to build their home, gather food, and take care of their young. Each bee has an important job to do, and they all depend on each other to survive.\n\n[SECTION:Why Bees Matter]\n\nBees are essential to our food supply. About one-third of the food we eat depends on pollination by bees and other insects. When a bee visits a flower to drink nectar, tiny grains of pollen stick to its fuzzy body. As the bee flies to the next flower, some of this pollen rubs off, allowing plants to produce fruits and seeds. This process is called pollination, and it's one of the most important jobs in nature. Without bees, many plants couldn't reproduce, and we would lose many of our favorite foods like apples, almonds, blueberries, and cucumbers!"
    },
    {
      "id": "study-concepts",
      "title": "bees Key Concepts",
      "order": 2,
      "content": "[SECTION:Inside a Bee Colony]\n\nA bee colony is like a busy city with three types of bees: the queen, workers, and drones. The queen bee is the largest bee in the colony and her main job is to lay eggs—she can lay up to 2,000 eggs in a single day! Worker bees are all female and do most of the work in the hive. They collect nectar and pollen, make honey, build the honeycomb, clean the hive, and protect it from enemies. Worker bees only live for about 5-6 weeks during the busy summer months. Drones are male bees whose only job is to mate with queens from other colonies. They don't collect food or help with hive work.\n\n[IMAGE:Diagram showing queen bee, worker bee, and drone bee with labels]\n\n[SECTION:How Bees Make Honey]\n\nHoney is one of nature's most delicious treats, and making it is hard work! Worker bees visit hundreds of flowers each day, using their long tongues to suck up nectar. They store the nectar in a special stomach called a honey stomach. Back at the hive, they pass the nectar to other worker bees, who chew it and add special enzymes. The bees then spread the nectar into honeycomb cells and fan it with their wings to evaporate the water. When enough water has evaporated, the nectar becomes thick, sweet honey! Bees seal the honey in the comb with a wax cap to save it for food during the winter.\n\n[IMAGE:Worker bees on honeycomb cells filled with golden honey]\n\n[SECTION:Bee Communication and Navigation]\n\nBees have amazing ways of communicating with each other. When a worker bee finds a great source of flowers, she returns to the hive and performs a special \"waggle dance\" to tell the other bees where to find it. The direction and length of the dance tell other bees exactly how far away the flowers are and in which direction to fly. Bees can also see ultraviolet light, which helps them spot patterns on flowers that are invisible to human eyes. They use the sun as a compass and can even navigate on cloudy days by detecting polarized light. Scientists have discovered that bees can recognize human faces and remember locations they've visited before!"
    }
  ],
  "items": [
    {
      "id": 0,
      "text": "A honeybee colony can have between 20,000 and [blank] bees working together.",
      "groupId": 0,
      "clusterId": "bees---part-1-cluster-0",
      "variant": "1",
      "mode": "options",
      "options": [
        "50,000",
        "80,000",
        "100,000",
        "150,000"
      ],
      "correctIndex": 1
    },
    {
      "id": 1,
      "text": "There are over [blank] different species of bees in the world.",
      "groupId": 0,
      "clusterId": "bees---part-1-cluster-0",
      "variant": "2",
      "mode": "options",
      "options": [
        "5,000",
        "10,000",
        "20,000",
        "50,000"
      ],
      "correctIndex": 2
    },
    {
      "id": 2,
      "text": "About [blank] of the food we eat depends on pollination by bees and other insects.",
      "groupId": 0,
      "clusterId": "bees---part-1-cluster-0",
      "variant": "3",
      "mode": "options",
      "options": [
        "one-quarter",
        "one-third",
        "one-half",
        "two-thirds"
      ],
      "correctIndex": 1
    },
    {
      "id": 3,
      "text": "A queen bee can lay up to [blank] eggs in a single day.",
      "groupId": 0,
      "clusterId": "bees---part-1-cluster-1",
      "variant": "1",
      "mode": "options",
      "options": [
        "500",
        "1,000",
        "2,000",
        "5,000"
      ],
      "correctIndex": 2
    },
    {
      "id": 4,
      "text": "Worker bees live for about [blank] weeks during the busy summer months.",
      "groupId": 0,
      "clusterId": "bees---part-1-cluster-1",
      "variant": "2",
      "mode": "options",
      "options": [
        "2-3",
        "5-6",
        "8-10",
        "12-15"
      ],
      "correctIndex": 1
    },
    {
      "id": 5,
      "text": "There are [blank] main types of bees in a colony: queen, workers, and drones.",
      "groupId": 0,
      "clusterId": "bees---part-1-cluster-1",
      "variant": "3",
      "mode": "options",
      "options": [
        "2",
        "3",
        "4",
        "5"
      ],
      "correctIndex": 1
    },
    {
      "id": 6,
      "text": "Worker bees are [blank] bees that do most of the work in the hive.",
      "groupId": 0,
      "clusterId": "bees---part-1-cluster-2",
      "variant": "1",
      "mode": "options",
      "options": [
        "male",
        "female",
        "young",
        "old"
      ],
      "correctIndex": 1
    },
    {
      "id": 7,
      "text": "The [blank] bee is the largest bee in the colony and lays all the eggs.",
      "groupId": 0,
      "clusterId": "bees---part-1-cluster-2",
      "variant": "2",
      "mode": "options",
      "options": [
        "worker",
        "drone",
        "queen",
        "soldier"
      ],
      "correctIndex": 2
    },
    {
      "id": 8,
      "text": "[blank] are male bees whose main job is to mate with queens from other colonies.",
      "groupId": 0,
      "clusterId": "bees---part-1-cluster-2",
      "variant": "3",
      "mode": "options",
      "options": [
        "Workers",
        "Drones",
        "Guards",
        "Scouts"
      ],
      "correctIndex": 1
    },
    {
      "id": 9,
      "text": "Worker bees visit [blank] of flowers each day to collect nectar.",
      "groupId": 0,
      "clusterId": "bees---part-1-cluster-3",
      "variant": "1",
      "mode": "options",
      "options": [
        "dozens",
        "hundreds",
        "thousands",
        "millions"
      ],
      "correctIndex": 1
    },
    {
      "id": 10,
      "text": "Bees store nectar in a special stomach called a [blank] stomach.",
      "groupId": 0,
      "clusterId": "bees---part-1-cluster-3",
      "variant": "2",
      "mode": "options",
      "options": [
        "honey",
        "nectar",
        "pollen",
        "food"
      ],
      "correctIndex": 0
    },
    {
      "id": 11,
      "text": "Bees fan nectar with their [blank] to evaporate water and turn it into honey.",
      "groupId": 0,
      "clusterId": "bees---part-1-cluster-3",
      "variant": "3",
      "mode": "options",
      "options": [
        "legs",
        "antennae",
        "wings",
        "bodies"
      ],
      "correctIndex": 2
    },
    {
      "id": 12,
      "text": "When a worker bee finds flowers, she performs a special [blank] dance to tell other bees.",
      "groupId": 1,
      "clusterId": "bees---part-2-cluster-0",
      "variant": "1",
      "mode": "options",
      "options": [
        "circle",
        "waggle",
        "spinning",
        "jumping"
      ],
      "correctIndex": 1
    },
    {
      "id": 13,
      "text": "Bees use the [blank] as a compass to help them navigate.",
      "groupId": 1,
      "clusterId": "bees---part-2-cluster-0",
      "variant": "2",
      "mode": "options",
      "options": [
        "moon",
        "stars",
        "sun",
        "wind"
      ],
      "correctIndex": 2
    },
    {
      "id": 14,
      "text": "Bees can see [blank] light, which helps them spot patterns on flowers invisible to humans.",
      "groupId": 1,
      "clusterId": "bees---part-2-cluster-0",
      "variant": "3",
      "mode": "options",
      "options": [
        "infrared",
        "ultraviolet",
        "red",
        "blue"
      ],
      "correctIndex": 1
    },
    {
      "id": 15,
      "text": "The process of transferring pollen from flower to flower is called [blank].",
      "groupId": 1,
      "clusterId": "bees---part-2-cluster-1",
      "variant": "1",
      "mode": "options",
      "options": [
        "germination",
        "pollination",
        "fertilization",
        "cultivation"
      ],
      "correctIndex": 1
    },
    {
      "id": 16,
      "text": "Tiny grains of [blank] stick to a bee's fuzzy body when it visits flowers.",
      "groupId": 1,
      "clusterId": "bees---part-2-cluster-1",
      "variant": "2",
      "mode": "options",
      "options": [
        "seeds",
        "pollen",
        "nectar",
        "honey"
      ],
      "correctIndex": 1
    },
    {
      "id": 17,
      "text": "Without bees, many plants couldn't [blank] and make new plants.",
      "groupId": 1,
      "clusterId": "bees---part-2-cluster-1",
      "variant": "3",
      "mode": "options",
      "options": [
        "grow",
        "reproduce",
        "bloom",
        "survive"
      ],
      "correctIndex": 1
    },
    {
      "id": 18,
      "text": "Bees seal honey in the comb with a [blank] cap to save it for winter.",
      "groupId": 1,
      "clusterId": "bees---part-2-cluster-2",
      "variant": "1",
      "mode": "options",
      "options": [
        "wax",
        "honey",
        "pollen",
        "propolis"
      ],
      "correctIndex": 0
    },
    {
      "id": 19,
      "text": "Worker bees build the hive structure using six-sided cells called [blank].",
      "groupId": 1,
      "clusterId": "bees---part-2-cluster-2",
      "variant": "2",
      "mode": "options",
      "options": [
        "beehive",
        "honeycomb",
        "bee cells",
        "wax boxes"
      ],
      "correctIndex": 1
    },
    {
      "id": 20,
      "text": "Bees add special [blank] to nectar to help turn it into honey.",
      "groupId": 1,
      "clusterId": "bees---part-2-cluster-2",
      "variant": "3",
      "mode": "options",
      "options": [
        "vitamins",
        "enzymes",
        "minerals",
        "proteins"
      ],
      "correctIndex": 1
    },
    {
      "id": 21,
      "text": "A bee colony is like a busy [blank] with thousands of bees working together.",
      "groupId": 1,
      "clusterId": "bees---part-2-cluster-3",
      "variant": "1",
      "mode": "options",
      "options": [
        "farm",
        "city",
        "school",
        "factory"
      ],
      "correctIndex": 1
    },
    {
      "id": 22,
      "text": "Scientists have discovered that bees can recognize human [blank].",
      "groupId": 1,
      "clusterId": "bees---part-2-cluster-3",
      "variant": "2",
      "mode": "options",
      "options": [
        "voices",
        "faces",
        "smells",
        "movements"
      ],
      "correctIndex": 1
    },
    {
      "id": 23,
      "text": "Bees are [blank] insects, meaning they work as a team to survive.",
      "groupId": 1,
      "clusterId": "bees---part-2-cluster-3",
      "variant": "3",
      "mode": "options",
      "options": [
        "flying",
        "social",
        "helpful",
        "busy"
      ],
      "correctIndex": 1
    }
  ]
}