{
  "courses": [
    {
      "id": "a-new-1763017172100",
      "title": "What Does New Mean?",
      "subject": "General",
      "gradeBand": "All Grades",
      "description": "",
      "itemCount": 0,
      "groupCount": 0,
      "levelCount": 0,
      "duration": "15 min",
      "difficulty": "Intermediate"
    },
    {
      "id": "a-subtraction-1762931908399",
      "title": "a subtraction Course",
      "subject": "a subtraction",
      "gradeBand": "grade_1",
      "contentVersion": "placeholder-2025-11-12T07:21:06.728Z",
      "description": "Auto-generated placeholder course for a subtraction",
      "itemCount": 3,
      "groupCount": 1,
      "levelCount": 1,
      "duration": "15 min",
      "difficulty": "Intermediate"
    },
    {
      "id": "a-subtraction-1762932639824",
      "title": "a subtraction Course",
      "subject": "a subtraction",
      "gradeBand": "grade_1",
      "contentVersion": "placeholder-2025-11-12T07:33:20.197Z",
      "description": "Auto-generated placeholder course for a subtraction",
      "itemCount": 6,
      "groupCount": 1,
      "levelCount": 1,
      "duration": "15 min",
      "difficulty": "Intermediate"
    },
    {
      "id": "alice-in-wonderland-1762621626021",
      "title": "Exploring Alice in Wonderland",
      "subject": "General",
      "gradeBand": "All Grades",
      "contentVersion": "2023-10-16T12:00:00Z",
      "description": "",
      "itemCount": 4,
      "groupCount": 3,
      "levelCount": 2,
      "duration": "15 min",
      "difficulty": "Intermediate"
    },
    {
      "id": "all-about-centipedes-1762445273676",
      "title": "All About Centipedes",
      "subject": "General",
      "gradeBand": "All Grades",
      "contentVersion": "2023-10-01T00:00:00Z",
      "description": "",
      "itemCount": 10,
      "groupCount": 3,
      "levelCount": 1,
      "duration": "15 min",
      "difficulty": "Intermediate"
    },
    {
      "id": "ants-1762508952970",
      "title": "All About Ants",
      "subject": "General",
      "gradeBand": "All Grades",
      "contentVersion": "2023-10-06T00:00:00Z",
      "description": "",
      "itemCount": 6,
      "groupCount": 3,
      "levelCount": 3,
      "duration": "15 min",
      "difficulty": "Intermediate"
    },
    {
      "id": "bachata-1762623003217",
      "title": "Introduction to Bachata Dance",
      "subject": "General",
      "gradeBand": "All Grades",
      "contentVersion": "2023-10-01T12:00:00Z",
      "description": "",
      "itemCount": 6,
      "groupCount": 3,
      "levelCount": 1,
      "duration": "15 min",
      "difficulty": "Intermediate"
    },
    {
      "id": "birds-1762494942016",
      "title": "Exploring Birds",
      "subject": "General",
      "gradeBand": "All Grades",
      "contentVersion": "2023-10-01T12:00:00Z",
      "description": "",
      "itemCount": 6,
      "groupCount": 3,
      "levelCount": 2,
      "duration": "15 min",
      "difficulty": "Intermediate"
    },
    {
      "id": "cebu-city-1762503246040",
      "title": "Cebu City Course",
      "subject": "Cebu City",
      "gradeBand": "1",
      "contentVersion": "placeholder-2025-11-07T08:15:52.133Z",
      "description": "Auto-generated placeholder course for Cebu City",
      "itemCount": 3,
      "groupCount": 1,
      "levelCount": 1,
      "duration": "15 min",
      "difficulty": "Intermediate"
    },
    {
      "id": "centipedes-1762445133309",
      "title": "All About Centipedes",
      "subject": "General",
      "gradeBand": "All Grades",
      "contentVersion": "2023-10-01T12:00:00Z",
      "description": "",
      "itemCount": 4,
      "groupCount": 3,
      "levelCount": 2,
      "duration": "15 min",
      "difficulty": "Intermediate"
    },
    {
      "id": "divisions-1762514479878",
      "title": "Understanding Divisions",
      "subject": "General",
      "gradeBand": "All Grades",
      "contentVersion": "2023-10-04T12:00:00Z",
      "description": "",
      "itemCount": 12,
      "groupCount": 3,
      "levelCount": 1,
      "duration": "15 min",
      "difficulty": "Intermediate"
    },
    {
      "id": "exploring-birds-1762501428691",
      "title": "Exploring Birds",
      "subject": "General",
      "gradeBand": "All Grades",
      "contentVersion": "2023-10-01T00:00:00Z",
      "description": "",
      "itemCount": 6,
      "groupCount": 3,
      "levelCount": 3,
      "duration": "15 min",
      "difficulty": "Intermediate"
    },
    {
      "id": "fish-1762500075756",
      "title": "All About Fish",
      "subject": "General",
      "gradeBand": "All Grades",
      "contentVersion": "2023-10-03T12:00:00Z",
      "description": "",
      "itemCount": 8,
      "groupCount": 4,
      "levelCount": 2,
      "duration": "15 min",
      "difficulty": "Intermediate"
    },
    {
      "id": "full-1762967512963",
      "title": "Counting and Numbers",
      "subject": "General",
      "gradeBand": "All Grades",
      "description": "",
      "itemCount": 0,
      "groupCount": 0,
      "levelCount": 0,
      "duration": "15 min",
      "difficulty": "Intermediate"
    },
    {
      "id": "general-1762939864542",
      "title": "general Course",
      "subject": "general",
      "gradeBand": "grade_1",
      "contentVersion": "placeholder-2025-11-12T09:34:22.071Z",
      "description": "Auto-generated placeholder course for general",
      "itemCount": 12,
      "groupCount": 1,
      "levelCount": 4,
      "duration": "15 min",
      "difficulty": "Intermediate"
    },
    {
      "id": "general-1762940814007",
      "title": "general Course",
      "subject": "general",
      "gradeBand": "grade_1",
      "contentVersion": "placeholder-2025-11-12T09:49:15.969Z",
      "description": "Auto-generated placeholder course for general",
      "itemCount": 10,
      "groupCount": 1,
      "levelCount": 4,
      "duration": "15 min",
      "difficulty": "Intermediate"
    },
    {
      "id": "how-multiplications-relate-to-divisions-1762933055397",
      "title": "how multiplications relate to divisions Course",
      "subject": "how multiplications relate to divisions",
      "gradeBand": "grade_1",
      "contentVersion": "placeholder-2025-11-12T07:40:02.784Z",
      "description": "Auto-generated placeholder course for how multiplications relate to divisions",
      "itemCount": 6,
      "groupCount": 1,
      "levelCount": 1,
      "duration": "15 min",
      "difficulty": "Intermediate"
    },
    {
      "id": "kizomba-1762624536523",
      "title": "Introduction to Kizomba Dance",
      "subject": "General",
      "gradeBand": "All Grades",
      "contentVersion": "2023-10-01T12:00:00Z",
      "description": "",
      "itemCount": 4,
      "groupCount": 3,
      "levelCount": 3,
      "duration": "15 min",
      "difficulty": "Intermediate"
    },
    {
      "id": "mice-1762500594210",
      "title": "Understanding Mice",
      "subject": "General",
      "gradeBand": "All Grades",
      "contentVersion": "2023-10-01T12:00:00Z",
      "description": "",
      "itemCount": 6,
      "groupCount": 3,
      "levelCount": 2,
      "duration": "15 min",
      "difficulty": "Intermediate"
    },
    {
      "id": "pigs-1762523249678",
      "title": "Understanding Pigs",
      "subject": "General",
      "gradeBand": "All Grades",
      "contentVersion": "2023-10-01T00:00:00Z",
      "description": "",
      "itemCount": 12,
      "groupCount": 3,
      "levelCount": 1,
      "duration": "15 min",
      "difficulty": "Intermediate"
    },
    {
      "id": "salsa-1762623599043",
      "title": "Introduction to Salsa Dancing",
      "subject": "General",
      "gradeBand": "All Grades",
      "contentVersion": "2023-10-01T12:00:00Z",
      "description": "",
      "itemCount": 6,
      "groupCount": 3,
      "levelCount": 2,
      "duration": "15 min",
      "difficulty": "Intermediate"
    },
    {
      "id": "sharks-1762494107251",
      "title": "All About Sharks",
      "subject": "General",
      "gradeBand": "All Grades",
      "contentVersion": "2023-10-01T00:00:00Z",
      "description": "",
      "itemCount": 6,
      "groupCount": 3,
      "levelCount": 2,
      "duration": "15 min",
      "difficulty": "Intermediate"
    },
    {
      "id": "simple-divisions-1762512633705",
      "title": "Simple Divisions Course",
      "subject": "Simple Divisions",
      "gradeBand": "1",
      "contentVersion": "placeholder-2025-11-07T10:52:15.443Z",
      "description": "Auto-generated placeholder course for Simple Divisions",
      "itemCount": 3,
      "groupCount": 1,
      "levelCount": 1,
      "duration": "15 min",
      "difficulty": "Intermediate"
    },
    {
      "id": "simple-divisions-1762513485673",
      "title": "Simple Divisions for Grade 1",
      "subject": "General",
      "gradeBand": "All Grades",
      "contentVersion": "2023-10-10T00:00:00Z",
      "description": "",
      "itemCount": 16,
      "groupCount": 3,
      "levelCount": 3,
      "duration": "15 min",
      "difficulty": "Intermediate"
    },
    {
      "id": "simple-subtractions-1762870311710",
      "title": "Simple Subtractions for Grade 1",
      "subject": "General",
      "gradeBand": "All Grades",
      "contentVersion": "2023-10-01T10:00:00Z",
      "description": "",
      "itemCount": 31,
      "groupCount": 3,
      "levelCount": 3,
      "duration": "15 min",
      "difficulty": "Intermediate"
    },
    {
      "id": "squids-1762492767097",
      "title": "All About Squids",
      "subject": "General",
      "gradeBand": "All Grades",
      "contentVersion": "2023-10-25T00:00:00Z",
      "description": "",
      "itemCount": 6,
      "groupCount": 3,
      "levelCount": 2,
      "duration": "15 min",
      "difficulty": "Intermediate"
    },
    {
      "id": "subtracting-simple-numbers-1762860908875",
      "title": "Subtracting Simple Numbers",
      "subject": "General",
      "gradeBand": "All Grades",
      "contentVersion": "2023-10-31T00:00:00Z",
      "description": "",
      "itemCount": 35,
      "groupCount": 3,
      "levelCount": 1,
      "duration": "15 min",
      "difficulty": "Intermediate"
    },
    {
      "id": "subtracting-simple-numbers-1762861359553",
      "title": "Subtracting Simple Numbers",
      "subject": "General",
      "gradeBand": "All Grades",
      "contentVersion": "2023-10-01T00:00:00Z",
      "description": "",
      "itemCount": 36,
      "groupCount": 3,
      "levelCount": 3,
      "duration": "15 min",
      "difficulty": "Intermediate"
    },
    {
      "id": "wasps-1762524874991",
      "title": "All About Wasps",
      "subject": "General",
      "gradeBand": "All Grades",
      "contentVersion": "2023-10-04T00:00:00Z",
      "description": "",
      "itemCount": 12,
      "groupCount": 3,
      "levelCount": 1,
      "duration": "15 min",
      "difficulty": "Intermediate"
    },
    {
      "id": "zouk-1762625063636",
      "title": "Introduction to Zouk Dance",
      "subject": "General",
      "gradeBand": "All Grades",
      "contentVersion": "2023-10-01T12:00:00Z",
      "description": "",
      "itemCount": 6,
      "groupCount": 3,
      "levelCount": 2,
      "duration": "15 min",
      "difficulty": "Intermediate"
    }
  ]
}