{
  "id": "koalas",
  "title": "koalas Course",
  "description": "Educational course on koalas",
  "subject": "koalas",
  "gradeBand": "elementary",
  "contentVersion": "skeleton-2025-11-15T07:00:07.471Z",
  "groups": [
    {
      "id": 0,
      "name": "koalas - Part 1"
    },
    {
      "id": 1,
      "name": "koalas - Part 2"
    },
    {
      "id": 2,
      "name": "koalas - Part 3"
    }
  ],
  "levels": [
    {
      "id": 1,
      "title": "Level 1",
      "start": 0,
      "end": 8
    },
    {
      "id": 2,
      "title": "Level 2",
      "start": 9,
      "end": 17
    }
  ],
  "studyTexts": [
    {
      "id": "study-intro",
      "title": "koalas Introduction",
      "order": 1,
      "content": "[SECTION:Meet the Koala]\n\nKoalas are adorable marsupials that live in Australia. They are often called \"koala bears,\" but they are not bears at all! Koalas are actually related to kangaroos and wombats. These fuzzy animals spend most of their time high up in eucalyptus trees, sleeping and eating leaves. With their big fluffy ears, black nose, and gray fur, koalas are one of the most recognizable animals in the world.\n\n[IMAGE:A koala sitting in a eucalyptus tree with its joey]\n\nKoalas are perfectly adapted to life in the trees. They have strong arms and legs with sharp claws that help them grip branches tightly. Their hands have two thumbs on each hand, which makes it easier to hold onto tree branches and eucalyptus leaves. A full-grown koala weighs between 9 and 33 pounds, with males being larger than females. Baby koalas, called joeys, are tiny when they're born—only about the size of a jellybean!\n\n[SECTION:Where Koalas Live]\n\nKoalas live only in Australia, mainly along the eastern and southeastern coasts. They make their homes in eucalyptus forests and woodlands. Each koala has its own home range, which is the area where it lives and finds food. Koalas are very picky eaters and only eat eucalyptus leaves, which is why they must live where these special trees grow. There are over 600 types of eucalyptus trees, but koalas only like to eat leaves from about 30 different types!"
    },
    {
      "id": "study-concepts",
      "title": "koalas Key Concepts",
      "order": 2,
      "content": "[SECTION:Koala Diet and Sleep]\n\nEucalyptus leaves are the only food koalas eat, making them one of the pickiest eaters in the animal kingdom! These leaves are tough, full of fiber, and don't have much nutrition. They also contain oils that are poisonous to most other animals. Koalas have a special digestive system with extra-long intestines that help them break down the toxic leaves safely. An adult koala eats about 1 to 2 pounds of eucalyptus leaves every single day.\n\n[IMAGE:Close-up of a koala eating eucalyptus leaves]\n\nBecause eucalyptus leaves don't give much energy, koalas sleep a lot to conserve their strength. Koalas sleep between 18 and 22 hours each day! That means they're awake for only 2 to 6 hours daily. During their waking hours, koalas spend most of their time eating. They are most active at night, which makes them nocturnal animals. Koalas rarely drink water because they get most of the moisture they need from the eucalyptus leaves they eat. In fact, the word \"koala\" comes from an Aboriginal word meaning \"no drink.\"\n\n[SECTION:Koala Life and Conservation]\n\nFemale koalas usually have one baby at a time. The tiny joey stays in its mother's pouch for about 6 months, drinking milk and growing bigger. After leaving the pouch, the joey rides on its mother's back for another 6 months while learning how to climb and which leaves to eat. Koalas can live up to 10-12 years in the wild, and even longer in zoos where they receive special care.\n\n[IMAGE:A mother koala with a joey on her back]\n\nSadly, koalas face many challenges today. Their forest homes are being cut down to make room for houses and farms. Climate change and droughts affect the eucalyptus trees they depend on. Koalas can also get sick from diseases, and many are hurt by cars or attacked by dogs. Scientists estimate there are between 100,000 and 500,000 koalas left in the wild. Many people and organizations are working hard to protect koalas and their habitats so these special animals will be around for future generations to enjoy."
    }
  ],
  "items": [
    {
      "id": 0,
      "text": "A koala sleeps for 20 hours each day. How many hours is the koala awake? [blank] hours",
      "groupId": 0,
      "clusterId": "koalas---part-1-cluster-0",
      "variant": "1",
      "mode": "options",
      "options": [
        "2",
        "4",
        "6",
        "8"
      ],
      "correctIndex": 1
    },
    {
      "id": 1,
      "text": "An adult koala weighs 15 pounds. A joey weighs 3 pounds. How much more does the adult weigh than the joey? [blank] pounds",
      "groupId": 0,
      "clusterId": "koalas---part-1-cluster-0",
      "variant": "2",
      "mode": "options",
      "options": [
        "10",
        "12",
        "15",
        "18"
      ],
      "correctIndex": 1
    },
    {
      "id": 2,
      "text": "A koala eats 2 pounds of eucalyptus leaves each day. How many pounds does it eat in 5 days? [blank] pounds",
      "groupId": 0,
      "clusterId": "koalas---part-1-cluster-0",
      "variant": "3",
      "mode": "options",
      "options": [
        "7",
        "8",
        "10",
        "12"
      ],
      "correctIndex": 2
    },
    {
      "id": 3,
      "text": "There are 600 types of eucalyptus trees, but koalas only eat from 30 types. How many types do koalas NOT eat from? [blank] types",
      "groupId": 0,
      "clusterId": "koalas---part-1-cluster-1",
      "variant": "1",
      "mode": "options",
      "options": [
        "550",
        "560",
        "570",
        "580"
      ],
      "correctIndex": 2
    },
    {
      "id": 4,
      "text": "A joey stays in its mother's pouch for 6 months, then rides on her back for 6 more months. How many months total does the joey stay with its mother this way? [blank] months",
      "groupId": 0,
      "clusterId": "koalas---part-1-cluster-1",
      "variant": "2",
      "mode": "options",
      "options": [
        "10",
        "11",
        "12",
        "14"
      ],
      "correctIndex": 2
    },
    {
      "id": 5,
      "text": "A koala sleeps 22 hours on Monday and 18 hours on Tuesday. How many total hours did it sleep over both days? [blank] hours",
      "groupId": 0,
      "clusterId": "koalas---part-1-cluster-1",
      "variant": "3",
      "mode": "options",
      "options": [
        "38",
        "40",
        "42",
        "44"
      ],
      "correctIndex": 1
    },
    {
      "id": 6,
      "text": "A zoo has 8 koalas. Each koala eats 2 pounds of leaves daily. How many pounds of leaves do all the koalas eat in one day? [blank] pounds",
      "groupId": 1,
      "clusterId": "koalas---part-2-cluster-0",
      "variant": "1",
      "mode": "options",
      "options": [
        "14",
        "16",
        "18",
        "20"
      ],
      "correctIndex": 1
    },
    {
      "id": 7,
      "text": "A male koala weighs 25 pounds and a female koala weighs 18 pounds. What is their combined weight? [blank] pounds",
      "groupId": 1,
      "clusterId": "koalas---part-2-cluster-0",
      "variant": "2",
      "mode": "options",
      "options": [
        "41",
        "42",
        "43",
        "44"
      ],
      "correctIndex": 2
    },
    {
      "id": 8,
      "text": "If a koala is awake for 4 hours each day, how many hours is it awake in one week (7 days)? [blank] hours",
      "groupId": 1,
      "clusterId": "koalas---part-2-cluster-0",
      "variant": "3",
      "mode": "options",
      "options": [
        "24",
        "26",
        "28",
        "30"
      ],
      "correctIndex": 2
    },
    {
      "id": 9,
      "text": "A koala lives for 12 years. If it has already lived for 5 years, how many more years can it live? [blank] years",
      "groupId": 1,
      "clusterId": "koalas---part-2-cluster-1",
      "variant": "1",
      "mode": "options",
      "options": [
        "5",
        "6",
        "7",
        "8"
      ],
      "correctIndex": 2
    },
    {
      "id": 10,
      "text": "There are 3 eucalyptus trees. Each tree has 12 koalas visiting it. How many koalas are there in total? [blank] koalas",
      "groupId": 1,
      "clusterId": "koalas---part-2-cluster-1",
      "variant": "2",
      "mode": "options",
      "options": [
        "30",
        "33",
        "36",
        "39"
      ],
      "correctIndex": 2
    },
    {
      "id": 11,
      "text": "A koala sleeps 20 hours per day. How many hours does it sleep in 3 days? [blank] hours",
      "groupId": 1,
      "clusterId": "koalas---part-2-cluster-1",
      "variant": "3",
      "mode": "options",
      "options": [
        "50",
        "55",
        "60",
        "65"
      ],
      "correctIndex": 2
    },
    {
      "id": 12,
      "text": "A wildlife sanctuary has 45 koalas. If 12 new joeys are born, how many koalas are there now? [blank] koalas",
      "groupId": 2,
      "clusterId": "koalas---part-3-cluster-0",
      "variant": "1",
      "mode": "options",
      "options": [
        "55",
        "56",
        "57",
        "58"
      ],
      "correctIndex": 2
    },
    {
      "id": 13,
      "text": "A koala eats 1 pound of leaves in the morning and 1 pound in the evening for 4 days. How many pounds total does it eat? [blank] pounds",
      "groupId": 2,
      "clusterId": "koalas---part-3-cluster-0",
      "variant": "2",
      "mode": "options",
      "options": [
        "6",
        "7",
        "8",
        "9"
      ],
      "correctIndex": 2
    },
    {
      "id": 14,
      "text": "If there are 150 koalas in a forest and 35 move to a different forest, how many koalas remain? [blank] koalas",
      "groupId": 2,
      "clusterId": "koalas---part-3-cluster-0",
      "variant": "3",
      "mode": "options",
      "options": [
        "110",
        "115",
        "120",
        "125"
      ],
      "correctIndex": 1
    },
    {
      "id": 15,
      "text": "A koala climbs up 18 feet in a tree, then climbs down 7 feet. How high up is the koala now? [blank] feet",
      "groupId": 2,
      "clusterId": "koalas---part-3-cluster-1",
      "variant": "1",
      "mode": "options",
      "options": [
        "9",
        "10",
        "11",
        "12"
      ],
      "correctIndex": 2
    },
    {
      "id": 16,
      "text": "There are 24 eucalyptus trees in a grove. Koalas live in half of them. How many trees have koalas? [blank] trees",
      "groupId": 2,
      "clusterId": "koalas---part-3-cluster-1",
      "variant": "2",
      "mode": "options",
      "options": [
        "10",
        "11",
        "12",
        "13"
      ],
      "correctIndex": 2
    },
    {
      "id": 17,
      "text": "A joey weighs 8 ounces when it leaves the pouch. After 6 months, it weighs 5 times as much. How many ounces does it weigh now? [blank] ounces",
      "groupId": 2,
      "clusterId": "koalas---part-3-cluster-1",
      "variant": "3",
      "mode": "options",
      "options": [
        "35",
        "38",
        "40",
        "42"
      ],
      "correctIndex": 2
    }
  ]
}